{
    "$schema": "https://schema.management.azure.com/schemas/2015-01-01/deploymentParameters.json#",
    "contentVersion": "1.0.0.0",
    "parameters": {
        "location": {
            "value": "westeurope"
        },
        "virtualMachineName": {
            "value": "task3VM"
        },
        "virtualMachineSize": {
            "value": "Basic_A1"
        },
        "adminUsername": {
            "value": "naliaksandra"
        },
        "virtualNetworkName": {
            "value": "task3RG-vnet"
        },
        "networkInterfaceName": {
            "value": "task3vm630"
        },
        "networkSecurityGroupName": {
            "value": "task3VM-nsg"
        },
        "adminPassword": {
            "value": null
        },
        "diagnosticsStorageAccountName": {
            "value": "task3rgdiag720"
        },
        "diagnosticsStorageAccountType": {
            "value": "Standard_LRS"
        },
        "diagnosticsStorageAccountId": {
            "value": "Microsoft.Storage/storageAccounts/task3rgdiag720"
        },
        "addressPrefix": {
            "value": "10.0.0.0/24"
        },
        "subnetName": {
            "value": "default"
        },
        "subnetPrefix": {
            "value": "10.0.0.0/24"
        },
        "publicIpAddressName": {
            "value": "task3VM-ip"
        },
        "publicIpAddressType": {
            "value": "Dynamic"
        },
        "publicIpAddressSku": {
            "value": "Basic"
        }
    }
}