{
    "$schema": "https://schema.management.azure.com/schemas/2015-01-01/deploymentParameters.json#",
    "contentVersion": "1.0.0.0",
    "parameters": {
        "sites_DotNetAppSqlDb20180208050232_name": {
            "value": null
        },
        "servers_dotnetappsqldb20180208050232dbserver_name": {
            "value": null
        },
        "serverfarms_DotNetAppSqlDb20180208050232Plan_name": {
            "value": null
        },
        "config_web_name": {
            "value": null
        },
        "databases_master_name": {
            "value": null
        },
        "keys_ServiceManaged_name": {
            "value": null
        },
        "auditingPolicies_Default_name": {
            "value": null
        },
        "encryptionProtector_current_name": {
            "value": null
        },
        "firewallRules_AllowAllAzureIPs_name": {
            "value": null
        },
        "databases_DotNetAppSqlDb20180208050232_db_name": {
            "value": null
        },
        "backupLongTermRetentionVaults_RegisteredVault_name": {
            "value": null
        },
        "firewallRules_ClientIPAddress_2018_02_08_02:17:34_name": {
            "value": null
        },
        "hostNameBindings_dotnetappsqldb20180208050232.azurewebsites.net_name": {
            "value": null
        },
        "advisors_DropIndex_name": {
            "value": null
        },
        "advisors_CreateIndex_name": {
            "value": null
        },
        "auditingPolicies_Default_name_1": {
            "value": null
        },
        "geoBackupPolicies_Default_name": {
            "value": null
        },
        "advisors_ForceLastGoodPlan_name": {
            "value": null
        },
        "advisors_DbParameterization_name": {
            "value": null
        },
        "transparentDataEncryption_current_name": {
            "value": null
        },
        "backupLongTermRetentionPolicies_Default_name": {
            "value": null
        }
    }
}