{
    "$schema": "https://schema.management.azure.com/schemas/2015-01-01/deploymentTemplate.json#",
    "contentVersion": "1.0.0.0",
    "parameters": {
        "sites_DotNetAppSqlDb20180208050232_name": {
            "defaultValue": "DotNetAppSqlDb20180208050232",
            "type": "String"
        },
        "servers_dotnetappsqldb20180208050232dbserver_name": {
            "defaultValue": "dotnetappsqldb20180208050232dbserver",
            "type": "String"
        },
        "serverfarms_DotNetAppSqlDb20180208050232Plan_name": {
            "defaultValue": "DotNetAppSqlDb20180208050232Plan",
            "type": "String"
        },
        "config_web_name": {
            "defaultValue": "web",
            "type": "String"
        },
        "databases_master_name": {
            "defaultValue": "master",
            "type": "String"
        },
        "keys_ServiceManaged_name": {
            "defaultValue": "ServiceManaged",
            "type": "String"
        },
        "auditingPolicies_Default_name": {
            "defaultValue": "Default",
            "type": "String"
        },
        "encryptionProtector_current_name": {
            "defaultValue": "current",
            "type": "String"
        },
        "firewallRules_AllowAllAzureIPs_name": {
            "defaultValue": "AllowAllAzureIPs",
            "type": "String"
        },
        "databases_DotNetAppSqlDb20180208050232_db_name": {
            "defaultValue": "DotNetAppSqlDb20180208050232_db",
            "type": "String"
        },
        "backupLongTermRetentionVaults_RegisteredVault_name": {
            "defaultValue": "RegisteredVault",
            "type": "String"
        },
        "firewallRules_ClientIPAddress_2018_02_08_02:17:34_name": {
            "defaultValue": "ClientIPAddress_2018-02-08_02:17:34",
            "type": "String"
        },
        "hostNameBindings_dotnetappsqldb20180208050232.azurewebsites.net_name": {
            "defaultValue": "dotnetappsqldb20180208050232.azurewebsites.net",
            "type": "String"
        },
        "advisors_DropIndex_name": {
            "defaultValue": "DropIndex",
            "type": "String"
        },
        "advisors_CreateIndex_name": {
            "defaultValue": "CreateIndex",
            "type": "String"
        },
        "auditingPolicies_Default_name_1": {
            "defaultValue": "Default",
            "type": "String"
        },
        "geoBackupPolicies_Default_name": {
            "defaultValue": "Default",
            "type": "String"
        },
        "advisors_ForceLastGoodPlan_name": {
            "defaultValue": "ForceLastGoodPlan",
            "type": "String"
        },
        "advisors_DbParameterization_name": {
            "defaultValue": "DbParameterization",
            "type": "String"
        },
        "transparentDataEncryption_current_name": {
            "defaultValue": "current",
            "type": "String"
        },
        "backupLongTermRetentionPolicies_Default_name": {
            "defaultValue": "Default",
            "type": "String"
        }
    },
    "variables": {},
    "resources": [
        {
            "comments": "Generalized from resource: '/subscriptions/b1d40bc1-2977-4394-b374-fe62498046e2/resourceGroups/task8RG/providers/Microsoft.Sql/servers/dotnetappsqldb20180208050232dbserver'.",
            "type": "Microsoft.Sql/servers",
            "kind": "v12.0",
            "name": "[parameters('servers_dotnetappsqldb20180208050232dbserver_name')]",
            "apiVersion": "2015-05-01-preview",
            "location": "centralus",
            "scale": null,
            "properties": {
                "administratorLogin": "naliaksandra",
                "version": "12.0"
            },
            "dependsOn": []
        },
        {
            "comments": "Generalized from resource: '/subscriptions/b1d40bc1-2977-4394-b374-fe62498046e2/resourceGroups/task8RG/providers/Microsoft.Web/serverfarms/DotNetAppSqlDb20180208050232Plan'.",
            "type": "Microsoft.Web/serverfarms",
            "sku": {
                "name": "S1",
                "tier": "Standard",
                "size": "S1",
                "family": "S",
                "capacity": 1
            },
            "kind": "app",
            "name": "[parameters('serverfarms_DotNetAppSqlDb20180208050232Plan_name')]",
            "apiVersion": "2016-09-01",
            "location": "Central US",
            "scale": null,
            "properties": {
                "name": "[parameters('serverfarms_DotNetAppSqlDb20180208050232Plan_name')]",
                "workerTierName": null,
                "adminSiteName": null,
                "hostingEnvironmentProfile": null,
                "perSiteScaling": false,
                "reserved": false,
                "targetWorkerCount": 0,
                "targetWorkerSizeId": 0
            },
            "dependsOn": []
        },
        {
            "comments": "Generalized from resource: '/subscriptions/b1d40bc1-2977-4394-b374-fe62498046e2/resourceGroups/task8RG/providers/Microsoft.Web/sites/DotNetAppSqlDb20180208050232'.",
            "type": "Microsoft.Web/sites",
            "kind": "app",
            "name": "[parameters('sites_DotNetAppSqlDb20180208050232_name')]",
            "apiVersion": "2016-08-01",
            "location": "Central US",
            "tags": {
                "hidden-related:/subscriptions/b1d40bc1-2977-4394-b374-fe62498046e2/resourceGroups/task8RG/providers/Microsoft.Web/serverfarms/DotNetAppSqlDb20180208050232Plan": "empty"
            },
            "scale": null,
            "properties": {
                "enabled": true,
                "hostNameSslStates": [
                    {
                        "name": "[concat(parameters('sites_DotNetAppSqlDb20180208050232_name'),'dotnetappsqldb20180208050232.azurewebsites.net')]",
                        "sslState": "Disabled",
                        "virtualIP": null,
                        "thumbprint": null,
                        "toUpdate": null,
                        "hostType": "Standard"
                    },
                    {
                        "name": "[concat(parameters('sites_DotNetAppSqlDb20180208050232_name'),'dotnetappsqldb20180208050232.scm.azurewebsites.net')]",
                        "sslState": "Disabled",
                        "virtualIP": null,
                        "thumbprint": null,
                        "toUpdate": null,
                        "hostType": "Repository"
                    }
                ],
                "serverFarmId": "[resourceId('Microsoft.Web/serverfarms', parameters('serverfarms_DotNetAppSqlDb20180208050232Plan_name'))]",
                "reserved": false,
                "siteConfig": null,
                "scmSiteAlsoStopped": false,
                "hostingEnvironmentProfile": null,
                "clientAffinityEnabled": true,
                "clientCertEnabled": false,
                "hostNamesDisabled": false,
                "containerSize": 0,
                "dailyMemoryTimeQuota": 0,
                "cloningInfo": null
            },
            "dependsOn": [
                "[resourceId('Microsoft.Web/serverfarms', parameters('serverfarms_DotNetAppSqlDb20180208050232Plan_name'))]"
            ]
        },
        {
            "comments": "Generalized from resource: '/subscriptions/b1d40bc1-2977-4394-b374-fe62498046e2/resourceGroups/task8RG/providers/Microsoft.Sql/servers/dotnetappsqldb20180208050232dbserver/auditingPolicies/Default'.",
            "type": "Microsoft.Sql/servers/auditingPolicies",
            "name": "[concat(parameters('servers_dotnetappsqldb20180208050232dbserver_name'), '/', parameters('auditingPolicies_Default_name'))]",
            "apiVersion": "2014-04-01",
            "location": "Central US",
            "scale": null,
            "properties": {
                "auditingState": "New",
                "eventTypesToAudit": "PlainSQL_Success,PlainSQL_Failure,ParameterizedSQL_Success,ParameterizedSQL_Failure,StoredProcedure_Success,StoredProcedure_Failure,Login_Success,Login_Failure,TransactionManagement_Success,TransactionManagement_Failure",
                "storageAccountName": null,
                "storageAccountKey": null,
                "storageAccountSecondaryKey": null,
                "storageTableEndpoint": null,
                "storageAccountResourceGroupName": null,
                "storageAccountSubscriptionId": null,
                "fullAuditLogsTableName": "SQLDBAuditLogsDotnetappsqldb20180208050232dbserver",
                "auditLogsTableName": "Dotnetappsqldb20180208050232dbserver",
                "retentionDays": "0"
            },
            "dependsOn": [
                "[resourceId('Microsoft.Sql/servers', parameters('servers_dotnetappsqldb20180208050232dbserver_name'))]"
            ]
        },
        {
            "comments": "Generalized from resource: '/subscriptions/b1d40bc1-2977-4394-b374-fe62498046e2/resourceGroups/task8RG/providers/Microsoft.Sql/servers/dotnetappsqldb20180208050232dbserver/backupLongTermRetentionVaults/RegisteredVault'.",
            "type": "Microsoft.Sql/servers/backupLongTermRetentionVaults",
            "name": "[concat(parameters('servers_dotnetappsqldb20180208050232dbserver_name'), '/', parameters('backupLongTermRetentionVaults_RegisteredVault_name'))]",
            "apiVersion": "2014-04-01",
            "location": "Central US",
            "scale": null,
            "properties": {
                "recoveryServicesVaultResourceId": null
            },
            "dependsOn": [
                "[resourceId('Microsoft.Sql/servers', parameters('servers_dotnetappsqldb20180208050232dbserver_name'))]"
            ]
        },
        {
            "comments": "Generalized from resource: '/subscriptions/b1d40bc1-2977-4394-b374-fe62498046e2/resourceGroups/task8RG/providers/Microsoft.Sql/servers/dotnetappsqldb20180208050232dbserver/databases/DotNetAppSqlDb20180208050232_db'.",
            "type": "Microsoft.Sql/servers/databases",
            "kind": "v12.0,user",
            "name": "[concat(parameters('servers_dotnetappsqldb20180208050232dbserver_name'), '/', parameters('databases_DotNetAppSqlDb20180208050232_db_name'))]",
            "apiVersion": "2014-04-01-preview",
            "location": "Central US",
            "scale": null,
            "properties": {
                "databaseId": "b061ab2f-a446-4474-b82c-29c890be19aa",
                "edition": "Standard",
                "status": "Online",
                "serviceLevelObjective": "S0",
                "collation": "SQL_Latin1_General_CP1_CI_AS",
                "maxSizeBytes": "1073741824",
                "creationDate": "2018-02-08T14:05:04.85Z",
                "currentServiceObjectiveId": "f1173c43-91bd-4aaa-973c-54e79e15235b",
                "requestedServiceObjectiveId": "f1173c43-91bd-4aaa-973c-54e79e15235b",
                "requestedServiceObjectiveName": "S0",
                "sampleName": null,
                "defaultSecondaryLocation": "East US 2",
                "earliestRestoreDate": "2018-02-08T14:35:40.153Z",
                "elasticPoolName": null,
                "containmentState": 2,
                "readScale": "Disabled",
                "failoverGroupId": null,
                "zoneRedundant": false,
                "isUpgradeRequested": false
            },
            "dependsOn": [
                "[resourceId('Microsoft.Sql/servers', parameters('servers_dotnetappsqldb20180208050232dbserver_name'))]"
            ]
        },
        {
            "comments": "Generalized from resource: '/subscriptions/b1d40bc1-2977-4394-b374-fe62498046e2/resourceGroups/task8RG/providers/Microsoft.Sql/servers/dotnetappsqldb20180208050232dbserver/databases/master'.",
            "type": "Microsoft.Sql/servers/databases",
            "kind": "v12.0,system",
            "name": "[concat(parameters('servers_dotnetappsqldb20180208050232dbserver_name'), '/', parameters('databases_master_name'))]",
            "apiVersion": "2014-04-01-preview",
            "location": "Central US",
            "scale": null,
            "properties": {
                "databaseId": "69f1e5aa-9fa6-4688-b682-07d20b7a4346",
                "edition": "System",
                "status": "Online",
                "serviceLevelObjective": "System0",
                "collation": "SQL_Latin1_General_CP1_CI_AS",
                "maxSizeBytes": "32212254720",
                "creationDate": "2018-02-08T14:04:37.207Z",
                "currentServiceObjectiveId": "29dd7459-4a7c-4e56-be22-f0adda49440d",
                "requestedServiceObjectiveId": "29dd7459-4a7c-4e56-be22-f0adda49440d",
                "requestedServiceObjectiveName": "System0",
                "sampleName": null,
                "defaultSecondaryLocation": "East US 2",
                "earliestRestoreDate": null,
                "elasticPoolName": null,
                "containmentState": 2,
                "readScale": "Disabled",
                "failoverGroupId": null,
                "zoneRedundant": false,
                "isUpgradeRequested": false
            },
            "dependsOn": [
                "[resourceId('Microsoft.Sql/servers', parameters('servers_dotnetappsqldb20180208050232dbserver_name'))]"
            ]
        },
        {
            "comments": "Generalized from resource: '/subscriptions/b1d40bc1-2977-4394-b374-fe62498046e2/resourceGroups/task8RG/providers/Microsoft.Sql/servers/dotnetappsqldb20180208050232dbserver/firewallRules/AllowAllAzureIPs'.",
            "type": "Microsoft.Sql/servers/firewallRules",
            "kind": "v12.0",
            "name": "[concat(parameters('servers_dotnetappsqldb20180208050232dbserver_name'), '/', parameters('firewallRules_AllowAllAzureIPs_name'))]",
            "apiVersion": "2014-04-01-preview",
            "location": "Central US",
            "scale": null,
            "properties": {
                "startIpAddress": "0.0.0.0",
                "endIpAddress": "0.0.0.0"
            },
            "dependsOn": [
                "[resourceId('Microsoft.Sql/servers', parameters('servers_dotnetappsqldb20180208050232dbserver_name'))]"
            ]
        },
        {
            "comments": "Generalized from resource: '/subscriptions/b1d40bc1-2977-4394-b374-fe62498046e2/resourceGroups/task8RG/providers/Microsoft.Sql/servers/dotnetappsqldb20180208050232dbserver/firewallRules/ClientIPAddress_2018-02-08_02:17:34'.",
            "type": "Microsoft.Sql/servers/firewallRules",
            "kind": "v12.0",
            "name": "[concat(parameters('servers_dotnetappsqldb20180208050232dbserver_name'), '/', parameters('firewallRules_ClientIPAddress_2018_02_08_02:17:34_name'))]",
            "apiVersion": "2014-04-01-preview",
            "location": "Central US",
            "scale": null,
            "properties": {
                "startIpAddress": "194.158.197.0",
                "endIpAddress": "194.158.197.0"
            },
            "dependsOn": [
                "[resourceId('Microsoft.Sql/servers', parameters('servers_dotnetappsqldb20180208050232dbserver_name'))]"
            ]
        },
        {
            "comments": "Generalized from resource: '/subscriptions/b1d40bc1-2977-4394-b374-fe62498046e2/resourceGroups/task8RG/providers/Microsoft.Sql/servers/dotnetappsqldb20180208050232dbserver/encryptionProtector/current'.",
            "type": "Microsoft.Sql/servers/encryptionProtector",
            "kind": "servicemanaged",
            "name": "[concat(parameters('servers_dotnetappsqldb20180208050232dbserver_name'), '/', parameters('encryptionProtector_current_name'))]",
            "apiVersion": "2015-05-01-preview",
            "scale": null,
            "properties": {
                "serverKeyName": "ServiceManaged",
                "serverKeyType": "ServiceManaged"
            },
            "dependsOn": [
                "[resourceId('Microsoft.Sql/servers', parameters('servers_dotnetappsqldb20180208050232dbserver_name'))]"
            ]
        },
        {
            "comments": "Generalized from resource: '/subscriptions/b1d40bc1-2977-4394-b374-fe62498046e2/resourceGroups/task8RG/providers/Microsoft.Sql/servers/dotnetappsqldb20180208050232dbserver/keys/ServiceManaged'.",
            "type": "Microsoft.Sql/servers/keys",
            "kind": "servicemanaged",
            "name": "[concat(parameters('servers_dotnetappsqldb20180208050232dbserver_name'), '/', parameters('keys_ServiceManaged_name'))]",
            "apiVersion": "2015-05-01-preview",
            "scale": null,
            "properties": {
                "serverKeyType": "[parameters('keys_ServiceManaged_name')]"
            },
            "dependsOn": [
                "[resourceId('Microsoft.Sql/servers', parameters('servers_dotnetappsqldb20180208050232dbserver_name'))]"
            ]
        },
        {
            "comments": "Generalized from resource: '/subscriptions/b1d40bc1-2977-4394-b374-fe62498046e2/resourceGroups/task8RG/providers/Microsoft.Sql/servers/dotnetappsqldb20180208050232dbserver/databases/DotNetAppSqlDb20180208050232_db/advisors/CreateIndex'.",
            "type": "Microsoft.Sql/servers/databases/advisors",
            "name": "[concat(parameters('servers_dotnetappsqldb20180208050232dbserver_name'), '/', parameters('databases_DotNetAppSqlDb20180208050232_db_name'), '/', parameters('advisors_CreateIndex_name'))]",
            "apiVersion": "2014-04-01",
            "scale": null,
            "properties": {
                "autoExecuteValue": "Enabled"
            },
            "dependsOn": [
                "[resourceId('Microsoft.Sql/servers', parameters('servers_dotnetappsqldb20180208050232dbserver_name'))]",
                "[resourceId('Microsoft.Sql/servers/databases', parameters('servers_dotnetappsqldb20180208050232dbserver_name'), parameters('databases_DotNetAppSqlDb20180208050232_db_name'))]"
            ]
        },
        {
            "comments": "Generalized from resource: '/subscriptions/b1d40bc1-2977-4394-b374-fe62498046e2/resourceGroups/task8RG/providers/Microsoft.Sql/servers/dotnetappsqldb20180208050232dbserver/databases/DotNetAppSqlDb20180208050232_db/advisors/DropIndex'.",
            "type": "Microsoft.Sql/servers/databases/advisors",
            "name": "[concat(parameters('servers_dotnetappsqldb20180208050232dbserver_name'), '/', parameters('databases_DotNetAppSqlDb20180208050232_db_name'), '/', parameters('advisors_DropIndex_name'))]",
            "apiVersion": "2014-04-01",
            "scale": null,
            "properties": {
                "autoExecuteValue": "Disabled"
            },
            "dependsOn": [
                "[resourceId('Microsoft.Sql/servers', parameters('servers_dotnetappsqldb20180208050232dbserver_name'))]",
                "[resourceId('Microsoft.Sql/servers/databases', parameters('servers_dotnetappsqldb20180208050232dbserver_name'), parameters('databases_DotNetAppSqlDb20180208050232_db_name'))]"
            ]
        },
        {
            "comments": "Generalized from resource: '/subscriptions/b1d40bc1-2977-4394-b374-fe62498046e2/resourceGroups/task8RG/providers/Microsoft.Sql/servers/dotnetappsqldb20180208050232dbserver/databases/DotNetAppSqlDb20180208050232_db/advisors/DbParameterization'.",
            "type": "Microsoft.Sql/servers/databases/advisors",
            "name": "[concat(parameters('servers_dotnetappsqldb20180208050232dbserver_name'), '/', parameters('databases_DotNetAppSqlDb20180208050232_db_name'), '/', parameters('advisors_DbParameterization_name'))]",
            "apiVersion": "2014-04-01",
            "scale": null,
            "properties": {
                "autoExecuteValue": "Disabled"
            },
            "dependsOn": [
                "[resourceId('Microsoft.Sql/servers', parameters('servers_dotnetappsqldb20180208050232dbserver_name'))]",
                "[resourceId('Microsoft.Sql/servers/databases', parameters('servers_dotnetappsqldb20180208050232dbserver_name'), parameters('databases_DotNetAppSqlDb20180208050232_db_name'))]"
            ]
        },
        {
            "comments": "Generalized from resource: '/subscriptions/b1d40bc1-2977-4394-b374-fe62498046e2/resourceGroups/task8RG/providers/Microsoft.Sql/servers/dotnetappsqldb20180208050232dbserver/databases/DotNetAppSqlDb20180208050232_db/advisors/ForceLastGoodPlan'.",
            "type": "Microsoft.Sql/servers/databases/advisors",
            "name": "[concat(parameters('servers_dotnetappsqldb20180208050232dbserver_name'), '/', parameters('databases_DotNetAppSqlDb20180208050232_db_name'), '/', parameters('advisors_ForceLastGoodPlan_name'))]",
            "apiVersion": "2014-04-01",
            "scale": null,
            "properties": {
                "autoExecuteValue": "Enabled"
            },
            "dependsOn": [
                "[resourceId('Microsoft.Sql/servers', parameters('servers_dotnetappsqldb20180208050232dbserver_name'))]",
                "[resourceId('Microsoft.Sql/servers/databases', parameters('servers_dotnetappsqldb20180208050232dbserver_name'), parameters('databases_DotNetAppSqlDb20180208050232_db_name'))]"
            ]
        },
        {
            "comments": "Generalized from resource: '/subscriptions/b1d40bc1-2977-4394-b374-fe62498046e2/resourceGroups/task8RG/providers/Microsoft.Sql/servers/dotnetappsqldb20180208050232dbserver/databases/DotNetAppSqlDb20180208050232_db/auditingPolicies/Default'.",
            "type": "Microsoft.Sql/servers/databases/auditingPolicies",
            "name": "[concat(parameters('servers_dotnetappsqldb20180208050232dbserver_name'), '/', parameters('databases_DotNetAppSqlDb20180208050232_db_name'), '/', parameters('auditingPolicies_Default_name_1'))]",
            "apiVersion": "2014-04-01",
            "location": "Central US",
            "scale": null,
            "properties": {
                "auditingState": "Disabled",
                "eventTypesToAudit": "PlainSQL_Success,PlainSQL_Failure,ParameterizedSQL_Success,ParameterizedSQL_Failure,StoredProcedure_Success,StoredProcedure_Failure,Login_Success,Login_Failure,TransactionManagement_Success,TransactionManagement_Failure",
                "storageAccountName": "sqltask8",
                "storageAccountKey": null,
                "storageAccountSecondaryKey": null,
                "storageTableEndpoint": "https://sqltask8.table.core.windows.net/",
                "storageAccountResourceGroupName": "",
                "storageAccountSubscriptionId": "b1d40bc1-2977-4394-b374-fe62498046e2",
                "useServerDefault": "Disabled",
                "fullAuditLogsTableName": "SQLDBAuditLogsDotnetappsqldb2018020Dotnetappsqldb201802",
                "auditLogsTableName": "Dotnetappsqldb2018020Dotnetappsqldb201802",
                "retentionDays": "10"
            },
            "dependsOn": [
                "[resourceId('Microsoft.Sql/servers', parameters('servers_dotnetappsqldb20180208050232dbserver_name'))]",
                "[resourceId('Microsoft.Sql/servers/databases', parameters('servers_dotnetappsqldb20180208050232dbserver_name'), parameters('databases_DotNetAppSqlDb20180208050232_db_name'))]"
            ]
        },
        {
            "comments": "Generalized from resource: '/subscriptions/b1d40bc1-2977-4394-b374-fe62498046e2/resourceGroups/task8RG/providers/Microsoft.Sql/servers/dotnetappsqldb20180208050232dbserver/databases/DotNetAppSqlDb20180208050232_db/backupLongTermRetentionPolicies/Default'.",
            "type": "Microsoft.Sql/servers/databases/backupLongTermRetentionPolicies",
            "name": "[concat(parameters('servers_dotnetappsqldb20180208050232dbserver_name'), '/', parameters('databases_DotNetAppSqlDb20180208050232_db_name'), '/', parameters('backupLongTermRetentionPolicies_Default_name'))]",
            "apiVersion": "2014-04-01",
            "location": "Central US",
            "scale": null,
            "properties": {
                "state": "Disabled",
                "recoveryServicesBackupPolicyResourceId": null
            },
            "dependsOn": [
                "[resourceId('Microsoft.Sql/servers', parameters('servers_dotnetappsqldb20180208050232dbserver_name'))]",
                "[resourceId('Microsoft.Sql/servers/databases', parameters('servers_dotnetappsqldb20180208050232dbserver_name'), parameters('databases_DotNetAppSqlDb20180208050232_db_name'))]"
            ]
        },
        {
            "comments": "Generalized from resource: '/subscriptions/b1d40bc1-2977-4394-b374-fe62498046e2/resourceGroups/task8RG/providers/Microsoft.Sql/servers/dotnetappsqldb20180208050232dbserver/databases/DotNetAppSqlDb20180208050232_db/geoBackupPolicies/Default'.",
            "type": "Microsoft.Sql/servers/databases/geoBackupPolicies",
            "name": "[concat(parameters('servers_dotnetappsqldb20180208050232dbserver_name'), '/', parameters('databases_DotNetAppSqlDb20180208050232_db_name'), '/', parameters('geoBackupPolicies_Default_name'))]",
            "apiVersion": "2014-04-01",
            "location": "Central US",
            "scale": null,
            "properties": {
                "state": "Enabled"
            },
            "dependsOn": [
                "[resourceId('Microsoft.Sql/servers', parameters('servers_dotnetappsqldb20180208050232dbserver_name'))]",
                "[resourceId('Microsoft.Sql/servers/databases', parameters('servers_dotnetappsqldb20180208050232dbserver_name'), parameters('databases_DotNetAppSqlDb20180208050232_db_name'))]"
            ]
        },
        {
            "comments": "Generalized from resource: '/subscriptions/b1d40bc1-2977-4394-b374-fe62498046e2/resourceGroups/task8RG/providers/Microsoft.Sql/servers/dotnetappsqldb20180208050232dbserver/databases/DotNetAppSqlDb20180208050232_db/transparentDataEncryption/current'.",
            "type": "Microsoft.Sql/servers/databases/transparentDataEncryption",
            "name": "[concat(parameters('servers_dotnetappsqldb20180208050232dbserver_name'), '/', parameters('databases_DotNetAppSqlDb20180208050232_db_name'), '/', parameters('transparentDataEncryption_current_name'))]",
            "apiVersion": "2014-04-01",
            "location": "Central US",
            "scale": null,
            "properties": {
                "status": "Enabled"
            },
            "dependsOn": [
                "[resourceId('Microsoft.Sql/servers', parameters('servers_dotnetappsqldb20180208050232dbserver_name'))]",
                "[resourceId('Microsoft.Sql/servers/databases', parameters('servers_dotnetappsqldb20180208050232dbserver_name'), parameters('databases_DotNetAppSqlDb20180208050232_db_name'))]"
            ]
        },
        {
            "comments": "Generalized from resource: '/subscriptions/b1d40bc1-2977-4394-b374-fe62498046e2/resourceGroups/task8RG/providers/Microsoft.Web/sites/DotNetAppSqlDb20180208050232/config/web'.",
            "type": "Microsoft.Web/sites/config",
            "name": "[concat(parameters('sites_DotNetAppSqlDb20180208050232_name'), '/', parameters('config_web_name'))]",
            "apiVersion": "2016-08-01",
            "location": "Central US",
            "tags": {
                "hidden-related:/subscriptions/b1d40bc1-2977-4394-b374-fe62498046e2/resourceGroups/task8RG/providers/Microsoft.Web/serverfarms/DotNetAppSqlDb20180208050232Plan": "empty"
            },
            "scale": null,
            "properties": {
                "numberOfWorkers": 1,
                "defaultDocuments": [
                    "Default.htm",
                    "Default.html",
                    "Default.asp",
                    "index.htm",
                    "index.html",
                    "iisstart.htm",
                    "default.aspx",
                    "index.php",
                    "hostingstart.html"
                ],
                "netFrameworkVersion": "v4.0",
                "phpVersion": "5.6",
                "pythonVersion": "",
                "nodeVersion": "",
                "linuxFxVersion": "",
                "requestTracingEnabled": false,
                "remoteDebuggingEnabled": false,
                "remoteDebuggingVersion": null,
                "httpLoggingEnabled": false,
                "logsDirectorySizeLimit": 35,
                "detailedErrorLoggingEnabled": false,
                "publishingUsername": "$DotNetAppSqlDb20180208050232",
                "publishingPassword": null,
                "appSettings": null,
                "metadata": null,
                "connectionStrings": null,
                "machineKey": null,
                "handlerMappings": null,
                "documentRoot": null,
                "scmType": "None",
                "use32BitWorkerProcess": true,
                "webSocketsEnabled": false,
                "alwaysOn": false,
                "javaVersion": null,
                "javaContainer": null,
                "javaContainerVersion": null,
                "appCommandLine": "",
                "managedPipelineMode": "Integrated",
                "virtualApplications": [
                    {
                        "virtualPath": "/",
                        "physicalPath": "site\\wwwroot",
                        "preloadEnabled": false,
                        "virtualDirectories": null
                    }
                ],
                "winAuthAdminState": 0,
                "winAuthTenantState": 0,
                "customAppPoolIdentityAdminState": false,
                "customAppPoolIdentityTenantState": false,
                "runtimeADUser": null,
                "runtimeADUserPassword": null,
                "loadBalancing": "LeastRequests",
                "routingRules": [],
                "experiments": {
                    "rampUpRules": []
                },
                "limits": null,
                "autoHealEnabled": false,
                "autoHealRules": null,
                "tracingOptions": null,
                "vnetName": "",
                "siteAuthEnabled": false,
                "siteAuthSettings": {
                    "enabled": null,
                    "unauthenticatedClientAction": null,
                    "tokenStoreEnabled": null,
                    "allowedExternalRedirectUrls": null,
                    "defaultProvider": null,
                    "clientId": null,
                    "clientSecret": null,
                    "issuer": null,
                    "allowedAudiences": null,
                    "additionalLoginParams": null,
                    "isAadAutoProvisioned": false,
                    "googleClientId": null,
                    "googleClientSecret": null,
                    "googleOAuthScopes": null,
                    "facebookAppId": null,
                    "facebookAppSecret": null,
                    "facebookOAuthScopes": null,
                    "twitterConsumerKey": null,
                    "twitterConsumerSecret": null,
                    "microsoftAccountClientId": null,
                    "microsoftAccountClientSecret": null,
                    "microsoftAccountOAuthScopes": null
                },
                "cors": null,
                "push": null,
                "apiDefinition": null,
                "autoSwapSlotName": null,
                "localMySqlEnabled": false,
                "managedServiceIdentityId": null,
                "ipSecurityRestrictions": null
            },
            "dependsOn": [
                "[resourceId('Microsoft.Web/sites', parameters('sites_DotNetAppSqlDb20180208050232_name'))]"
            ]
        },
        {
            "comments": "Generalized from resource: '/subscriptions/b1d40bc1-2977-4394-b374-fe62498046e2/resourceGroups/task8RG/providers/Microsoft.Web/sites/DotNetAppSqlDb20180208050232/hostNameBindings/dotnetappsqldb20180208050232.azurewebsites.net'.",
            "type": "Microsoft.Web/sites/hostNameBindings",
            "name": "[concat(parameters('sites_DotNetAppSqlDb20180208050232_name'), '/', parameters('hostNameBindings_dotnetappsqldb20180208050232.azurewebsites.net_name'))]",
            "apiVersion": "2016-08-01",
            "location": "Central US",
            "scale": null,
            "properties": {
                "siteName": "DotNetAppSqlDb20180208050232",
                "domainId": null,
                "hostNameType": "Verified"
            },
            "dependsOn": [
                "[resourceId('Microsoft.Web/sites', parameters('sites_DotNetAppSqlDb20180208050232_name'))]"
            ]
        }
    ]
}