{
    "$schema": "https://schema.management.azure.com/schemas/2015-01-01/deploymentTemplate.json#",
    "contentVersion": "1.0.0.0",
    "parameters": {
        "name": {
            "type": "string"
        },
        "location": {
            "type": "string"
        },
        "accountType": {
            "type": "string"
        },
        "kind": {
            "type": "string"
        },
        "httpsTrafficOnlyEnabled": {
            "type": "bool"
        }
    },
    "resources": [
        {
            "apiVersion": "2017-10-01",
            "name": "[parameters('name')]",
            "location": "[parameters('location')]",
            "type": "Microsoft.Storage/storageAccounts",
            "sku": {
                "name": "[parameters('accountType')]"
            },
            "kind": "[parameters('kind')]",
            "properties": {
                "supportsHttpsTrafficOnly": "[parameters('httpsTrafficOnlyEnabled')]",
                "encryption": {
                    "services": {
                        "blob": {
                            "enabled": true
                        },
                        "file": {
                            "enabled": true
                        }
                    },
                    "keySource": "Microsoft.Storage"
                }
            },
            "dependsOn": []
        }
    ]
}