{
    "$schema": "https://schema.management.azure.com/schemas/2015-01-01/deploymentParameters.json#",
    "contentVersion": "1.0.0.0",
    "parameters": {
        "location": {
            "value": "westeurope"
        },
        "virtualMachineName": {
            "value": "task5WebServer"
        },
        "virtualMachineSize": {
            "value": "Basic_A1"
        },
        "adminUsername": {
            "value": "naliaksandra"
        },
        "virtualNetworkName": {
            "value": "task5RG-vnet"
        },
        "networkInterfaceName": {
            "value": "task5webserver957"
        },
        "networkSecurityGroupName": {
            "value": "task5WebServer-nsg"
        },
        "adminPassword": {
            "value": null
        },
        "diagnosticsStorageAccountName": {
            "value": "task3storaccou"
        },
        "diagnosticsStorageAccountId": {
            "value": "/subscriptions/b1d40bc1-2977-4394-b374-fe62498046e2/resourceGroups/task3RG/providers/Microsoft.Storage/storageAccounts/task3storaccou"
        },
        "addressPrefix": {
            "value": "10.0.1.0/24"
        },
        "subnetName": {
            "value": "default"
        },
        "subnetPrefix": {
            "value": "10.0.1.0/24"
        },
        "publicIpAddressName": {
            "value": "task5WebServer-ip"
        },
        "publicIpAddressType": {
            "value": "Dynamic"
        },
        "publicIpAddressSku": {
            "value": "Basic"
        },
        "autoShutdownStatus": {
            "value": "Enabled"
        },
        "autoShutdownTime": {
            "value": "19:40"
        },
        "autoShutdownTimeZone": {
            "value": "Belarus Standard Time"
        },
        "autoShutdownNotificationStatus": {
            "value": "Disabled"
        }
    }
}